time,Elbe
1900-01-31,585.031982422
1900-02-28,1396.17895508
1900-03-31,1780.64501953
1900-04-30,1879.40002441
1900-05-31,943.773986816
1900-06-30,755.200012207
1900-07-31,604.710021973
1900-08-31,383.742004395
1900-09-30,298.700012207
1900-10-31,305.128997803
1900-11-30,403.632995605
1900-12-31,608.096984863
1901-01-31,400.644989014
1901-02-28,577.536010742
1901-03-31,1376.67700195
1901-04-30,1481.69995117
1901-05-31,787.515991211
1901-06-30,502.799987793
1901-07-31,385.355010986
1901-08-31,487.936004639
1901-09-30,323.733001709
1901-10-31,497.936004639
1901-11-30,442.5
1901-12-31,804.354980469
1902-01-31,1188.38696289
1902-02-28,848.286010742
1902-03-31,838.452026367
1902-04-30,1039.96704102
1902-05-31,708.031982422
1902-06-30,633.333007812
1902-07-31,485.290008545
1902-08-31,405.871002197
1902-09-30,415.632995605
1902-10-31,399.032012939
1902-11-30,338.766998291
1902-12-31,365.322998047
1903-01-31,939.354980469
1903-02-28,762.356994629
1903-03-31,771.612976074
1903-04-30,631.299987793
1903-05-31,660.064025879
1903-06-30,384.967010498
1903-07-31,316.677001953
1903-08-31,365.709991455
1903-09-30,334.967010498
1903-10-31,465.45199585
1903-11-30,534.367004395
1903-12-31,913.935974121
1904-01-31,515.484008789
1904-02-29,783.585998535
1904-03-31,983.289978027
1904-04-30,928.432983398
1904-05-31,633.903015137
1904-06-30,432.266998291
1904-07-31,224.0
1904-08-31,150.354995728
1904-09-30,150.932998657
1904-10-31,205.097000122
1904-11-30,386.166992188
1904-12-31,517.903015137
1905-01-31,388.742004395
1905-02-28,796.713989258
1905-03-31,1011.77398682
1905-04-30,1188.13305664
1905-05-31,847.387023926
1905-06-30,464.266998291
1905-07-31,328.967987061
1905-08-31,480.096984863
1905-09-30,480.5
1905-10-31,855.289978027
1905-11-30,963.700012207
1905-12-31,823.161010742
1906-01-31,893.773986816
1906-02-28,768.393005371
1906-03-31,1518.03198242
1906-04-30,1078.23303223
1906-05-31,686.193969727
1906-06-30,673.53302002
1906-07-31,638.452026367
1906-08-31,404.322998047
1906-09-30,451.166992188
1906-10-31,901.289978027
1906-11-30,482.066986084
1906-12-31,645.419006348
1907-01-31,885.322998047
1907-02-28,799.5
1907-03-31,1244.61303711
1907-04-30,1480.80004883
1907-05-31,986.289978027
1907-06-30,530.833007812
1907-07-31,855.096984863
1907-08-31,571.710021973
1907-09-30,483.532989502
1907-10-31,423.54800415
1907-11-30,354.600006104
1907-12-31,540.387023926
1908-01-31,534.612976074
1908-02-29,809.585998535
1908-03-31,1107.29003906
1908-04-30,1149.59997559
1908-05-31,915.773986816
1908-06-30,672.599975586
1908-07-31,385.257995605
1908-08-31,363.515991211
1908-09-30,360.0
1908-10-31,280.484008789
1908-11-30,244.699996948
1908-12-31,277.386993408
1909-01-31,320.54800415
1909-02-28,506.928985596
1909-03-31,738.0
1909-04-30,1307.40002441
1909-05-31,720.12902832
1909-06-30,413.733001709
1909-07-31,730.87097168
1909-08-31,405.128997803
1909-09-30,326.666992188
1909-10-31,418.613006592
1909-11-30,383.566986084
1909-12-31,796.742004395
1910-01-31,1143.54797363
1910-02-28,827.429016113
1910-03-31,865.645019531
1910-04-30,605.432983398
1910-05-31,845.612976074
1910-06-30,490.833007812
1910-07-31,642.257995605
1910-08-31,551.161010742
1910-09-30,795.632995605
1910-10-31,717.547973633
1910-11-30,794.299987793
1910-12-31,1126.77404785
1911-01-31,880.031982422
1911-02-28,896.0
1911-03-31,1378.83898926
1911-04-30,932.166992188
1911-05-31,653.547973633
1911-06-30,400.833007812
1911-07-31,217.194000244
1911-08-31,139.774002075
1911-09-30,131.632995605
1911-10-31,185.613006592
1911-11-30,185.300003052
1911-12-31,217.128997803
1912-01-31,508.322998047
1912-02-29,576.104003906
1912-03-31,808.677001953
1912-04-30,619.333007812
1912-05-31,360.871002197
1912-06-30,385.933013916
1912-07-31,430.322998047
1912-08-31,465.419006348
1912-09-30,730.799987793
1912-10-31,552.612976074
1912-11-30,753.299987793
1912-12-31,785.903015137
1913-01-31,787.645019531
1913-02-28,933.320983887
1913-03-31,658.257995605
1913-04-30,718.900024414
1913-05-31,452.45199585
1913-06-30,330.833007812
1913-07-31,445.742004395
1913-08-31,457.290008545
1913-09-30,390.566986084
1913-10-31,326.063995361
1913-11-30,304.967010498
1913-12-31,810.612976074
1914-01-31,647.096984863
1914-02-28,575.0
1914-03-31,1488.58105469
1914-04-30,943.867004395
1914-05-31,517.419006348
1914-06-30,519.132995605
1914-07-31,521.226013184
1914-08-31,483.838989258
1914-09-30,293.066986084
1914-10-31,449.128997803
1914-11-30,452.5
1914-12-31,498.805999756
1915-01-31,1135.80603027
1915-02-28,878.143005371
1915-03-31,1716.0970459
1915-04-30,1332.69995117
1915-05-31,1020.06402588
1915-06-30,336.399993896
1915-07-31,280.128997803
1915-08-31,355.936004639
1915-09-30,476.799987793
1915-10-31,1049.25805664
1915-11-30,683.46697998
1915-12-31,1157.9029541
1916-01-31,1704.9029541
1916-02-29,1321.2409668
1916-03-31,1428.06494141
1916-04-30,952.599975586
1916-05-31,570.773986816
1916-06-30,573.767028809
1916-07-31,706.935974121
1916-08-31,439.709991455
1916-09-30,454.867004395
1916-10-31,460.838989258
1916-11-30,430.433013916
1916-12-31,544.87097168
1917-01-31,1445.93505859
1917-02-28,611.143005371
1917-03-31,1069.51599121
1917-04-30,1634.46704102
1917-05-31,1218.64501953
1917-06-30,432.933013916
1917-07-31,238.225997925
1917-08-31,236.257995605
1917-09-30,225.832992554
1917-10-31,253.097000122
1917-11-30,306.333007812
1917-12-31,341.936004639
1918-01-31,610.096984863
1918-02-28,867.463989258
1918-03-31,757.806030273
1918-04-30,500.967010498
1918-05-31,397.484008789
1918-06-30,189.199996948
1918-07-31,352.45199585
1918-08-31,248.805999756
1918-09-30,272.867004395
1918-10-31,304.580993652
1918-11-30,308.799987793
1918-12-31,482.419006348
1919-01-31,902.838989258
1919-02-28,486.178985596
1919-03-31,869.064025879
1919-04-30,1053.9329834
1919-05-31,654.773986816
1919-06-30,292.600006104
1919-07-31,484.838989258
1919-08-31,279.936004639
1919-09-30,193.766998291
1919-10-31,271.45199585
1919-11-30,472.367004395
1919-12-31,1392.06494141
1920-01-31,2107.0
1920-02-29,1542.0
1920-03-31,940.0
1920-04-30,844.0
1920-05-31,887.0
1920-06-30,574.0
1920-07-31,418.0
1920-08-31,277.0
1920-09-30,600.0
1920-10-31,370.0
1920-11-30,269.0
1920-12-31,358.0
1921-01-31,735.0
1921-02-28,1182.0
1921-03-31,700.0
1921-04-30,489.0
1921-05-31,418.0
1921-06-30,335.0
1921-07-31,256.0
1921-08-31,173.0
1921-09-30,157.0
1921-10-31,163.0
1921-11-30,242.0
1921-12-31,251.0
1922-01-31,636.0
1922-02-28,488.0
1922-03-31,1125.0
1922-04-30,1133.0
1922-05-31,672.0
1922-06-30,277.0
1922-07-31,264.0
1922-08-31,405.0
1922-09-30,448.0
1922-10-31,877.0
1922-11-30,719.0
1922-12-31,1276.0
1923-01-31,1096.0
1923-02-28,1688.0
1923-03-31,1119.0
1923-04-30,900.0
1923-05-31,722.0
1923-06-30,637.0
1923-07-31,499.0
1923-08-31,271.0
1923-09-30,224.0
1923-10-31,456.0
1923-11-30,544.0
1923-12-31,561.0
1924-01-31,544.0
1924-02-29,679.0
1924-03-31,659.0
1924-04-30,1473.0
1924-05-31,1021.0
1924-06-30,692.0
1924-07-31,405.0
1924-08-31,488.0
1924-09-30,699.0
1924-10-31,490.0
1924-11-30,563.0
1924-12-31,439.0
1925-01-31,441.0
1925-02-28,651.0
1925-03-31,597.0
1925-04-30,807.0
1925-05-31,681.0
1925-06-30,320.0
1925-07-31,290.0
1925-08-31,454.0
1925-09-30,682.0
1925-10-31,534.0
1925-11-30,594.0
1925-12-31,478.0
1926-01-31,1439.0
1926-02-28,1133.0
1926-03-31,1573.0
1926-04-30,790.0
1926-05-31,489.0
1926-06-30,1513.0
1926-07-31,1886.0
1926-08-31,1281.0
1926-09-30,579.0
1926-10-31,565.0
1926-11-30,720.0
1926-12-31,791.0
1927-01-31,1420.0
1927-02-28,950.0
1927-03-31,878.0
1927-04-30,1568.0
1927-05-31,1079.0
1927-06-30,614.0
1927-07-31,719.0
1927-08-31,630.0
1927-09-30,560.0
1927-10-31,550.0
1927-11-30,548.0
1927-12-31,474.0
1928-01-31,917.0
1928-02-29,1045.0
1928-03-31,736.0
1928-04-30,1016.0
1928-05-31,811.0
1928-06-30,649.0
1928-07-31,315.0
1928-08-31,239.0
1928-09-30,234.0
1928-10-31,299.0
1928-11-30,378.0
1928-12-31,583.0
1929-01-31,418.0
1929-02-28,358.0
1929-03-31,858.0
1929-04-30,1286.0
1929-05-31,642.0
1929-06-30,441.0
1929-07-31,327.0
1929-08-31,242.0
1929-09-30,202.0
1929-10-31,232.0
1929-11-30,296.0
1929-12-31,366.0
1930-01-31,476.0
1930-02-28,346.0
1930-03-31,336.0
1930-04-30,597.0
1930-05-31,676.0
1930-06-30,422.0
1930-07-31,237.0
1930-08-31,397.0
1930-09-30,335.0
1930-10-31,569.0
1930-11-30,1256.0
1930-12-31,1135.0
1931-01-31,847.0
1931-02-28,753.0
1931-03-31,1022.0
1931-04-30,978.0
1931-05-31,836.0
1931-06-30,475.0
1931-07-31,452.0
1931-08-31,355.0
1931-09-30,556.0
1931-10-31,660.0
1931-11-30,547.0
1931-12-31,523.0
1932-01-31,1214.0
1932-02-29,536.0
1932-03-31,405.0
1932-04-30,599.0
1932-05-31,479.0
1932-06-30,932.0
1932-07-31,654.0
1932-08-31,500.0
1932-09-30,311.0
1932-10-31,338.0
1932-11-30,498.0
1932-12-31,432.0
1933-01-31,370.0
1933-02-28,711.0
1933-03-31,686.0
1933-04-30,524.0
1933-05-31,366.0
1933-06-30,328.0
1933-07-31,418.0
1933-08-31,296.0
1933-09-30,246.0
1933-10-31,236.0
1933-11-30,308.532989502
1933-12-31,256.580993652
1934-01-31,365.194000244
1934-02-28,383.178985596
1934-03-31,671.742004395
1934-04-30,570.932983398
1934-05-31,307.355010986
1934-06-30,174.867004395
1934-07-31,162.419006348
1934-08-31,159.160995483
1934-09-30,177.899993896
1934-10-31,227.128997803
1934-11-30,335.0
1934-12-31,401.0
1935-01-31,399.0
1935-02-28,750.0
1935-03-31,906.0
1935-04-30,1097.0
1935-05-31,858.0
1935-06-30,495.0
1935-07-31,245.0
1935-08-31,205.0
1935-09-30,209.0
1935-10-31,243.0
1935-11-30,479.0
1935-12-31,439.0
1936-01-31,570.0
1936-02-29,625.0
1936-03-31,731.0
1936-04-30,535.0
1936-05-31,666.0
1936-06-30,676.0
1936-07-31,432.0
1936-08-31,382.0
1936-09-30,304.0
1936-10-31,341.0
1936-11-30,547.0
1936-12-31,516.0
1937-01-31,507.0
1937-02-28,814.0
1937-03-31,1572.0
1937-04-30,1217.0
1937-05-31,958.0
1937-06-30,431.0
1937-07-31,527.0
1937-08-31,385.0
1937-09-30,464.0
1937-10-31,492.0
1937-11-30,395.0
1937-12-31,458.0
1938-01-31,990.0
1938-02-28,1288.0
1938-03-31,1024.0
1938-04-30,736.0
1938-05-31,530.0
1938-06-30,570.0
1938-07-31,342.0
1938-08-31,293.0
1938-09-30,1048.0
1938-10-31,471.0
1938-11-30,514.0
1938-12-31,453.0
1939-01-31,833.0
1939-02-28,836.0
1939-03-31,875.0
1939-04-30,1277.0
1939-05-31,832.0
1939-06-30,786.0
1939-07-31,684.0
1939-08-31,581.0
1939-09-30,555.0
1939-10-31,784.0
1939-11-30,1221.0
1939-12-31,2017.0
1940-01-31,677.0
1940-02-29,451.0
1940-03-31,1929.0
1940-04-30,2058.0
1940-05-31,885.0
1940-06-30,701.0
1940-07-31,660.0
1940-08-31,714.0
1940-09-30,910.0
1940-10-31,821.0
1940-11-30,1324.0
1940-12-31,732.0
1941-01-31,869.0
1941-02-28,1618.0
1941-03-31,2340.0
1941-04-30,2279.0
1941-05-31,1608.0
1941-06-30,1557.0
1941-07-31,658.0
1941-08-31,713.0
1941-09-30,892.0
1941-10-31,1078.0
1941-11-30,1498.0
1941-12-31,1240.0
1942-01-31,1045.0
1942-02-28,497.0
1942-03-31,993.0
1942-04-30,1763.0
1942-05-31,877.0
1942-06-30,575.0
1942-07-31,437.0
1942-08-31,451.0
1942-09-30,328.0
1942-10-31,474.0
1942-11-30,603.0
1942-12-31,663.0
1943-01-31,479.0
1943-02-28,696.0
1943-03-31,561.0
1943-04-30,639.0
1943-05-31,372.0
1943-06-30,346.0
1943-07-31,284.0
1943-08-31,222.0
1943-09-30,230.0
1943-10-31,247.0
1943-11-30,233.0
1943-12-31,282.0
1944-01-31,553.0
1944-02-29,868.0
1944-03-31,756.0
1944-04-30,1761.0
1944-05-31,610.0
1944-06-30,608.0
1944-07-31,498.0
1944-08-31,519.0
1944-09-30,271.0
1944-10-31,319.0
1944-11-30,565.0
1944-12-31,890.0
1945-01-31,392.0
1945-02-28,1048.0
1945-03-31,1330.0
1945-04-30,778.0
1945-05-31,637.0
1945-06-30,502.0
1945-07-31,460.0
1945-08-31,532.0
1945-09-30,396.0
1945-10-31,454.0
1945-11-30,474.0
1945-12-31,579.0
1946-01-31,658.0
1946-02-28,1719.0
1946-03-31,1592.0
1946-04-30,952.0
1946-05-31,480.0
1946-06-30,532.0
1946-07-31,499.0
1946-08-31,373.0
1946-09-30,401.0
1946-10-31,451.0
1946-11-30,474.0
1946-12-31,420.0
1947-01-31,286.0
1947-02-28,247.0
1947-03-31,1625.0
1947-04-30,1590.0
1947-05-31,523.0
1947-06-30,312.0
1947-07-31,261.0
1947-08-31,182.0
1947-09-30,144.0
1947-10-31,153.0
1947-11-30,250.0
1947-12-31,449.0
1948-01-31,1809.0
1948-02-29,1927.0
1948-03-31,1332.0
1948-04-30,786.0
1948-05-31,420.0
1948-06-30,292.0
1948-07-31,405.0
1948-08-31,500.0
1948-09-30,449.0
1948-10-31,304.0
1948-11-30,332.0
1948-12-31,301.0
1949-01-31,306.0
1949-02-28,358.0
1949-03-31,591.0
1949-04-30,946.0
1949-05-31,613.0
1949-06-30,936.0
1949-07-31,520.0
1949-08-31,313.0
1949-09-30,273.0
1949-10-31,203.0
1949-11-30,221.0
1949-12-31,406.0
1950-01-31,582.0
1950-02-28,723.0
1950-03-31,1001.0
1950-04-30,646.0
1950-05-31,787.0
1950-06-30,382.0
1950-07-31,291.0
1950-08-31,229.0
1950-09-30,218.0
1950-10-31,271.0
1950-11-30,457.0
1950-12-31,503.0
1951-01-31,575.0
1951-02-28,689.0
1951-03-31,793.0
1951-04-30,742.0
1951-05-31,708.0
1951-06-30,445.0
1951-07-31,369.0
1951-08-31,282.0
1951-09-30,248.0
1951-10-31,237.0
1951-11-30,251.0
1951-12-31,350.0
1952-01-31,410.0
1952-02-29,385.0
1952-03-31,685.0
1952-04-30,1278.0
1952-05-31,567.0
1952-06-30,401.0
1952-07-31,265.0
1952-08-31,181.0
1952-09-30,283.0
1952-10-31,468.0
1952-11-30,796.0
1952-12-31,727.0
1953-01-31,621.0
1953-02-28,1382.0
1953-03-31,1356.0
1953-04-30,738.0
1953-05-31,427.0
1953-06-30,411.0
1953-07-31,499.0
1953-08-31,312.0
1953-09-30,226.0
1953-10-31,228.0
1953-11-30,242.0
1953-12-31,229.0
1954-01-31,269.0
1954-02-28,374.0
1954-03-31,357.0
1954-04-30,633.0
1954-05-31,477.0
1954-06-30,280.0
1954-07-31,1249.0
1954-08-31,633.0
1954-09-30,535.0
1954-10-31,625.0
1954-11-30,463.0
1954-12-31,502.0
1955-01-31,1337.0
1955-02-28,962.0
1955-03-31,719.0
1955-04-30,1685.0
1955-05-31,889.0
1955-06-30,537.0
1955-07-31,970.0
1955-08-31,1076.0
1955-09-30,655.0
1955-10-31,500.0
1955-11-30,485.0
1955-12-31,691.0
1956-01-31,998.0
1956-02-29,472.0
1956-03-31,1513.0
1956-04-30,1312.0
1956-05-31,1158.0
1956-06-30,920.0
1956-07-31,1029.0
1956-08-31,701.0
1956-09-30,503.0
1956-10-31,467.0
1956-11-30,945.0
1956-12-31,1282.0
1957-01-31,1051.0
1957-02-28,1294.0
1957-03-31,1391.0
1957-04-30,1253.0
1957-05-31,626.0
1957-06-30,393.0
1957-07-31,437.0
1957-08-31,840.0
1957-09-30,556.0
1957-10-31,764.0
1957-11-30,537.0
1957-12-31,578.0
1958-01-31,837.0
1958-02-28,1122.0
1958-03-31,1318.0
1958-04-30,1357.0
1958-05-31,1209.0
1958-06-30,737.0
1958-07-31,1488.0
1958-08-31,623.0
1958-09-30,470.0
1958-10-31,709.0
1958-11-30,693.0
1958-12-31,613.0
1959-01-31,990.0
1959-02-28,649.0
1959-03-31,761.0
1959-04-30,581.0
1959-05-31,610.0
1959-06-30,361.0
1959-07-31,359.0
1959-08-31,469.0
1959-09-30,298.0
1959-10-31,252.0
1959-11-30,352.0
1959-12-31,326.0
1960-01-31,512.0
1960-02-29,490.0
1960-03-31,924.0
1960-04-30,717.0
1960-05-31,446.0
1960-06-30,365.0
1960-07-31,352.0
1960-08-31,474.0
1960-09-30,396.0
1960-10-31,693.0
1960-11-30,806.0
1960-12-31,978.0
1961-01-31,768.0
1961-02-28,1422.0
1961-03-31,1144.0
1961-04-30,1232.0
1961-05-31,1061.0
1961-06-30,1550.0
1961-07-31,627.0
1961-08-31,496.0
1961-09-30,391.0
1961-10-31,360.0
1961-11-30,477.0
1961-12-31,660.0
1962-01-31,631.0
1962-02-28,977.0
1962-03-31,970.0
1962-04-30,1340.0
1962-05-31,933.0
1962-06-30,662.0
1962-07-31,473.0
1962-08-31,364.0
1962-09-30,363.0
1962-10-31,349.0
1962-11-30,331.0
1962-12-31,361.0
1963-01-31,279.0
1963-02-28,248.0
1963-03-31,660.0
1963-04-30,676.0
1963-05-31,574.0
1963-06-30,426.0
1963-07-31,366.0
1963-08-31,230.0
1963-09-30,278.0
1963-10-31,323.0
1963-11-30,401.0
1963-12-31,409.0
1964-01-31,353.0
1964-02-29,473.0
1964-03-31,379.0
1964-04-30,673.0
1964-05-31,486.0
1964-06-30,288.0
1964-07-31,221.0
1964-08-31,282.0
1964-09-30,277.0
1964-10-31,360.0
1964-11-30,522.0
1964-12-31,567.0
1965-01-31,637.0
1965-02-28,659.0
1965-03-31,1037.0
1965-04-30,1737.0
1965-05-31,1903.0
1965-06-30,1915.0
1965-07-31,880.0
1965-08-31,576.0
1965-09-30,450.0
1965-10-31,439.0
1965-11-30,418.0
1965-12-31,1033.0
1966-01-31,1114.0
1966-02-28,1528.0
1966-03-31,1326.0
1966-04-30,1381.0
1966-05-31,929.0
1966-06-30,509.0
1966-07-31,1089.0
1966-08-31,936.0
1966-09-30,996.0
1966-10-31,616.0
1966-11-30,837.0
1966-12-31,1152.0
1967-01-31,1774.0
1967-02-28,1721.0
1967-03-31,1608.0
1967-04-30,1335.0
1967-05-31,970.0
1967-06-30,1054.0
1967-07-31,640.0
1967-08-31,444.0
1967-09-30,657.0
1967-10-31,587.0
1967-11-30,508.0
1967-12-31,722.0
1968-01-31,1459.0
1968-02-29,1347.0
1968-03-31,1265.0
1968-04-30,1200.0
1968-05-31,805.0
1968-06-30,661.0
1968-07-31,393.0
1968-08-31,343.0
1968-09-30,495.0
1968-10-31,796.0
1968-11-30,742.0
1968-12-31,627.0
1969-01-31,638.0
1969-02-28,849.0
1969-03-31,1095.0
1969-04-30,1496.0
1969-05-31,1382.0
1969-06-30,838.0
1969-07-31,618.0
1969-08-31,328.0
1969-09-30,397.0
1969-10-31,345.0
1969-11-30,400.0
1969-12-31,402.0
1970-01-31,363.0
1970-02-28,777.0
1970-03-31,1296.0
1970-04-30,2136.0
1970-05-31,1710.0
1970-06-30,888.0
1970-07-31,478.0
1970-08-31,578.0
1970-09-30,521.0
1970-10-31,537.0
1970-11-30,922.0
1970-12-31,1047.0
1971-01-31,679.0
1971-02-28,922.0
1971-03-31,883.0
1971-04-30,820.0
1971-05-31,592.0
1971-06-30,940.0
1971-07-31,729.0
1971-08-31,308.0
1971-09-30,310.0
1971-10-31,357.0
1971-11-30,379.0
1971-12-31,607.0
1972-01-31,658.0
1972-02-29,445.0
1972-03-31,439.0
1972-04-30,559.0
1972-05-31,606.0
1972-06-30,691.0
1972-07-31,408.0
1972-08-31,516.0
1972-09-30,405.0
1972-10-31,410.0
1972-11-30,483.0
1972-12-31,462.0
1973-01-31,346.0
1973-02-28,482.0
1973-03-31,616.0
1973-04-30,778.0
1973-05-31,758.0
1973-06-30,444.0
1973-07-31,309.0
1973-08-31,342.0
1973-09-30,247.0
1973-10-31,306.0
1973-11-30,370.0
1973-12-31,487.0
1974-01-31,719.0
1974-02-28,862.0
1974-03-31,711.0
1974-04-30,492.0
1974-05-31,461.0
1974-06-30,561.0
1974-07-31,642.0
1974-08-31,500.0
1974-09-30,371.0
1974-10-31,560.0
1974-11-30,1227.0
1974-12-31,1986.0
1975-01-31,2019.0
1975-02-28,1163.0
1975-03-31,816.0
1975-04-30,1084.0
1975-05-31,839.0
1975-06-30,557.0
1975-07-31,717.0
1975-08-31,376.0
1975-09-30,409.0
1975-10-31,389.0
1975-11-30,410.0
1975-12-31,498.0
1976-01-31,1304.0
1976-02-29,1250.0
1976-03-31,775.0
1976-04-30,687.0
1976-05-31,424.0
1976-06-30,373.0
1976-07-31,217.0
1976-08-31,219.0
1976-09-30,240.0
1976-10-31,310.0
1976-11-30,376.0
1976-12-31,507.0
1977-01-31,426.0
1977-02-28,913.0
1977-03-31,1070.0
1977-04-30,793.0
1977-05-31,663.0
1977-06-30,537.0
1977-07-31,444.0
1977-08-31,925.0
1977-09-30,1132.0
1977-10-31,636.0
1977-11-30,962.0
1977-12-31,867.0
1978-01-31,881.0
1978-02-28,886.0
1978-03-31,1050.0
1978-04-30,880.0
1978-05-31,1076.0
1978-06-30,617.0
1978-07-31,480.0
1978-08-31,603.0
1978-09-30,623.0
1978-10-31,881.0
1978-11-30,650.0
1978-12-31,693.0
1979-01-31,1006.0
1979-02-28,763.0
1979-03-31,1819.0
1979-04-30,1946.0
1979-05-31,1113.0
1979-06-30,683.0
1979-07-31,584.0
1979-08-31,473.0
1979-09-30,434.0
1979-10-31,617.0
1979-11-30,652.0
1979-12-31,1222.0
1980-01-31,937.0
1980-02-29,1609.0
1980-03-31,1081.0
1980-04-30,1296.0
1980-05-31,1550.0
1980-06-30,709.0
1980-07-31,1263.0
1980-08-31,1030.0
1980-09-30,581.0
1980-10-31,734.0
1980-11-30,708.0
1980-12-31,804.0
1981-01-31,1014.0
1981-02-28,1204.0
1981-03-31,1800.0
1981-04-30,1139.0
1981-05-31,822.0
1981-06-30,634.0
1981-07-31,705.0
1981-08-31,1058.0
1981-09-30,598.0
1981-10-31,888.0
1981-11-30,1499.0
1981-12-31,1705.0
1982-01-31,1870.0
1982-02-28,1411.0
1982-03-31,1148.0
1982-04-30,1086.0
1982-05-31,800.0
1982-06-30,488.0
1982-07-31,402.0
1982-08-31,343.0
1982-09-30,315.0
1982-10-31,353.0
1982-11-30,371.0
1982-12-31,429.0
1983-01-31,638.0
1983-02-28,835.0
1983-03-31,777.0
1983-04-30,1234.0
1983-05-31,856.0
1983-06-30,513.0
1983-07-31,307.0
1983-08-31,507.0
1983-09-30,339.0
1983-10-31,357.0
1983-11-30,351.0
1983-12-31,426.0
1984-01-31,554.0
1984-02-29,644.0
1984-03-31,568.0
1984-04-30,720.0
1984-05-31,592.0
1984-06-30,691.0
1984-07-31,457.0
1984-08-31,472.0
1984-09-30,452.0
1984-10-31,572.0
1984-11-30,459.0
1984-12-31,540.0
1985-01-31,429.0
1985-02-28,767.0
1985-03-31,692.0
1985-04-30,888.0
1985-05-31,677.0
1985-06-30,487.0
1985-07-31,405.0
1985-08-31,410.0
1985-09-30,394.0
1985-10-31,339.0
1985-11-30,371.0
1985-12-31,564.0
1986-01-31,852.0
1986-02-28,789.0
1986-03-31,760.0
1986-04-30,1159.0
1986-05-31,725.0
1986-06-30,1219.0
1986-07-31,436.0
1986-08-31,397.0
1986-09-30,468.0
1986-10-31,452.0
1986-11-30,540.0
1986-12-31,484.0
1987-01-31,1586.0
1987-02-28,1666.0
1987-03-31,1437.0
1987-04-30,2223.0
1987-05-31,1091.0
1987-06-30,960.0
1987-07-31,753.0
1987-08-31,680.0
1987-09-30,605.0
1987-10-31,552.0
1987-11-30,610.0
1987-12-31,869.0
1988-01-31,943.0
1988-02-29,980.0
1988-03-31,1567.0
1988-04-30,2278.0
1988-05-31,657.0
1988-06-30,526.0
1988-07-31,453.0
1988-08-31,363.0
1988-09-30,432.0
1988-10-31,425.0
1988-11-30,440.0
1988-12-31,1040.0
1989-01-31,1110.0
1989-02-28,634.0
1989-03-31,746.0
1989-04-30,572.0
1989-05-31,566.0
1989-06-30,345.0
1989-07-31,294.0
1989-08-31,279.0
1989-09-30,290.0
1989-10-31,367.0
1989-11-30,465.867004395
1989-12-31,622.484008789
1990-01-31,568.064025879
1990-02-28,566.570983887
1990-03-31,925.031982422
1990-04-30,494.899993896
1990-05-31,447.54800415
1990-06-30,385.733001709
1990-07-31,293.580993652
1990-08-31,234.48399353
1990-09-30,299.600006104
1990-10-31,311.063995361
1990-11-30,406.766998291
1990-12-31,520.354980469
1991-01-31,696.226013184
1991-02-28,427.963989258
1991-03-31,485.226013184
1991-04-30,457.532989502
1991-05-31,421.194000244
1991-06-30,341.433013916
1991-07-31,333.580993652
1991-08-31,383.128997803
1991-09-30,239.932998657
1991-10-31,250.257995605
1991-11-30,316.166992188
1991-12-31,377.096984863
1992-01-31,710.710021973
1992-02-29,619.793029785
1992-03-31,847.742004395
1992-04-30,1028.5670166
1992-05-31,537.193969727
1992-06-30,307.833007812
1992-07-31,341.709991455
1992-08-31,251.225997925
1992-09-30,263.700012207
1992-10-31,268.580993652
1992-11-30,369.967010498
1992-12-31,554.806030273
1993-01-31,580.612976074
1993-02-28,601.643005371
1993-03-31,700.903015137
1993-04-30,625.732971191
1993-05-31,379.226013184
1993-06-30,377.266998291
1993-07-31,385.709991455
1993-08-31,380.515991211
1993-09-30,392.733001709
1993-10-31,367.967987061
1993-11-30,445.433013916
1993-12-31,847.096984863
1994-01-31,1647.0970459
1994-02-28,1142.0
1994-03-31,1425.51599121
1994-04-30,1759.66699219
1994-05-31,875.838989258
1994-06-30,562.567016602
1994-07-31,352.386993408
1994-08-31,327.257995605
1994-09-30,478.132995605
1994-10-31,403.484008789
1994-11-30,450.833007812
1994-12-31,588.903015137
1995-01-31,845.645019531
1995-02-28,1783.35705566
1995-03-31,937.645019531
1995-04-30,1385.5670166
1995-05-31,963.452026367
1995-06-30,1249.76696777
1995-07-31,598.452026367
1995-08-31,359.677001953
1995-09-30,692.267028809
1995-10-31,590.773986816
1995-11-30,661.96697998
1995-12-31,652.968017578
1996-01-31,682.87097168
1996-02-29,493.895996094
1996-03-31,546.580993652
1996-04-30,865.599975586
1996-05-31,1028.03198242
1996-06-30,630.5
1996-07-31,743.064025879
1996-08-31,486.322998047
1996-09-30,489.0
1996-10-31,524.193969727
1996-11-30,657.200012207
1996-12-31,581.903015137
1997-01-31,488.805999756
1997-02-28,770.856994629
1997-03-31,1226.64501953
1997-04-30,917.232971191
1997-05-31,628.452026367
1997-06-30,389.600006104
1997-07-31,658.354980469
1997-08-31,523.12902832
1997-09-30,331.233001709
1997-10-31,363.161010742
1997-11-30,329.066986084
1997-12-31,477.484008789
1998-01-31,609.193969727
1998-02-28,491.393005371
1998-03-31,785.419006348
1998-04-30,589.400024414
1998-05-31,362.54800415
1998-06-30,318.132995605
1998-07-31,320.45199585
1998-08-31,284.580993652
1998-09-30,479.233001709
1998-10-31,575.677001953
1998-11-30,1562.80004883
1998-12-31,837.547973633
1999-01-31,793.289978027
1999-02-28,1158.75
1999-03-31,1793.87097168
1999-04-30,948.567016602
1999-05-31,537.773986816
1999-06-30,433.132995605
1999-07-31,437.161010742
1999-08-31,272.355010986
1999-09-30,253.667007446
1999-10-31,287.967987061
1999-11-30,328.867004395
1999-12-31,397.322998047
2000-01-31,479.805999756
2000-02-29,1148.93103027
2000-03-31,1786.45202637
2000-04-30,1449.9329834
2000-05-31,492.355010986
2000-06-30,328.566986084
2000-07-31,283.709991455
2000-08-31,299.226013184
2000-09-30,302.0
2000-10-31,332.257995605
2000-11-30,322.833007812
2000-12-31,334.290008545
2001-01-31,385.096984863
2001-02-28,546.429016113
2001-03-31,765.226013184
2001-04-30,1062.53295898
2001-05-31,596.806030273
2001-06-30,398.066986084
2001-07-31,391.484008789
2001-08-31,375.805999756
2001-09-30,617.867004395
2001-10-31,557.0
2001-11-30,518.96697998
2001-12-31,798.612976074
